{
    "chart_id": "shuu no hazama",
    "name": "Shuu no Hazama",
    "formatted_name": "Shuu no Hazama",
    "artist": "Silentroom",
    "bpm_display": "174",
    "version": "9.9.9",
    "is_original": false,
    "is_published": true,
    "jacket_artist": "Silentroom",
    "has_encore": true,
    "difficulty_constant_1": 0,
    "difficulty_display_1": "0",
    "note_designer_1": "N/A",
    "difficulty_constant_2": 0,
    "difficulty_display_2": "0",
    "note_designer_2": "N/A",
    "difficulty_constant_3": 0,
    "difficulty_display_3": "0",
    "note_designer_3": "0",
    "difficulty_constant_4":17.4 ,
    "difficulty_display_4": "17",
    "note_designer_4": "Infinite V",
    "unlock": {
        "type": 0,
        "enc_type": 0,
        "per_difficulty": false,
        "hidden": false,
        "hint": "",
        "enc_hint": ""
    }
}
