{
    "chart_id": "Yohanani Mitorete",
    "name": "Yohanani Mitorete",
    "formatted_name": "Yohanani Mitorete",
    "artist": "keeno",
    "sort_artists":["keeno"],
    "bpm_display": "83",
    "version": "9.9.9",
    "is_original": false,
    "is_published": true,
    "jacket_artist": "SEGA",
    "has_encore": true,
    "difficulty_constant_1": 0,
    "difficulty_display_1": "0",
    "note_designer_1": "N/A",
    "difficulty_constant_2": 0,
    "difficulty_display_2": "0",
    "note_designer_2": "N/A",
    "difficulty_constant_3": 11.6,
    "difficulty_display_3": "11+",
    "note_designer_3": "Akiyama Mizuki",
    "difficulty_constant_4": 12.6,
    "difficulty_display_4": "12+",
    "note_designer_4": "Crying RS-FTS",
    "unlock": {
        "type": 0,
        "enc_type": 0,
        "per_difficulty": false,
        "hidden": false,
        "hint": "",
        "enc_hint": ""
    },
    "enc_data":{
        "audio_id":"Yohanani.ogg",
        "jacket":"Yohanani.png",
        "preview_id":"preview.ogg"
    }
}