{
    "chart_id": "world for white(lie.)", 
    "name": "world for white(lie.)",
    "formatted_name": "world for white(lie.)",
    "artist": "KSquare",
    "bpm_display": "184",
    "version": "9.9.9",
    "is_original": false,
    "is_published": true,
    "jacket_artist": "idk",
    "has_encore": true,
    "difficulty_constant_1": 6.0,
    "difficulty_display_1": "6",
    "note_designer_1": "Sky for Blank(nothing.)",
    "difficulty_constant_2": 11.5,
    "difficulty_display_2": "10",
    "note_designer_2": "Sky for Me(only.)",
    "difficulty_constant_3": 14.6,
    "difficulty_display_3": "14+",
    "note_designer_3": "Sky for Blue(truth.)",
    "difficulty_constant_4": 15.6,
    "difficulty_display_4": "15+",
    "note_designer_4": "Sky for Sonic(over.)",
    "unlock": {
        "type": 0,
        "enc_type": 0,
        "per_difficulty": false,
        "hidden": false,
        "hint": "",
        "enc_hint": ""
    }}