{
    "chart_id": "Dlyrotz",
    "name": "Dlyrotz",
    "formatted_name": "Dlyrotz",
    "artist": "Likey",
    "bpm_display": "175",
    "version": "9.9.9",
    "is_original": false,
    "is_published": true,
    "jacket_artist": "DoublePian",
    "has_encore": true,
    "difficulty_constant_1": 1.0,
    "difficulty_display_1": "1",
    "note_designer_1": "RS-FTS",
    "difficulty_constant_2": 6.0,
    "difficulty_display_2": "6",
    "note_designer_2": "RS--FTS",
    "difficulty_constant_3": 13.1,
    "difficulty_display_3": "13",
    "note_designer_3": "RS---FTS",
    "difficulty_constant_4": 0,
    "difficulty_display_4": "0",
    "note_designer_4": "RS-SUPER...EXTRA-FTS",
    "unlock": {
        "type": 0,
        "enc_type": 0,
        "per_difficulty": false,
        "hidden": false,
        "hint": "",
        "enc_hint": ""
    },
    "enc_data":{
        "audio_id":"dlysp.ogg",
        "preview_id":"sppreview.ogg",
        "jacket":"sp.png",
        "bpm_display":"210",
        "name":"Dlyrotz-SUPER ULTIMATE AMAZING AWESOME PRO MAX EXTRA REMIX-",
        "formatted_name":"Dlyrotz-SUPER ULTIMATE AMAZING AWESOME PRO MAX EXTRA REMIX-",
        "artist":"lIKEY",
        "jacket_designer":"lIKEY"
    }
}