{
    "chart_id": "lw",
    "name": "Last Wish (vivid/stasis ver.)",
    "formatted_name": "Last Wish (vivid/stasis ver.)",
    "artist": "Kry.exe",
    "bpm_display": "240",
    "version": "9.9.9",
    "is_original": false,
    "is_published": true,
    "jacket_artist": "AriaL & Lumbud84",
    "has_encore": true,
    "difficulty_constant_1": 9.6,
    "difficulty_display_1": "9+",
    "note_designer_1": "Last Stelli",
    "difficulty_constant_2": 13.2,
    "difficulty_display_2": "13",
    "note_designer_2": "Last Stelli",
    "difficulty_constant_3": 15.5,
    "difficulty_display_3": "15",
    "note_designer_3": "vivid/stasis Chart Team",
    "difficulty_constant_4":17.7 ,
    "difficulty_display_4": "17+",
    "note_designer_4": "vivid/stasis Chart Team & Last V",
    "unlock": {
        "type": 0,
        "enc_type": 0,
        "per_difficulty": false,
        "hidden": false,
        "hint": "",
        "enc_hint": ""
    },
   "enc_data":{
        "audio_id":"last audio.ogg",
        "preview_id":"last preview.ogg",
        "jacket":"last jacket.png",
        "bpm_display":"240",
        "name":"Last Wish",
        "formatted_name":"Last Wish",
        "artist":"Kry.exe feat. Ｉｃｅ",
        "jacket_designer":"N/A"
    }
}