{
    "name": "TimeLine",
    "formatted_name": "TimeLine",
    "artist": "Plum",
    "chart_id": "timel",
    "audio_id": "music_chart_timel",
    "jacket": "song_timel",
    "preview_id": "preview_timel",
    "bpm_display": "180",
    "version": "9.9.9",
    "has_encore": false,
    "is_original": false,
    "is_published": true,
    "jacket_artist": "N/A",
    "difficulty_constant_1": 0,
    "difficulty_display_1": "0",
    "note_designer_1": "N/A",
    "difficulty_constant_2": 0,
    "difficulty_display_2": "0",
    "note_designer_2": "N/A",
    "difficulty_constant_3": 16.6,
    "difficulty_display_3": "16+",
    "note_designer_3": "oftutfo",
    "difficulty_constant_4": 0,
    "difficulty_display_4": "0",
    "note_designer_4": "N/A",
    "unlock": {
        "type": 0,
        "enc_type": 0,
        "per_difficulty": false,
        "hidden": false,
        "hint": "",
        "enc_hint": ""
    }
}